<?xml version="1.0" encoding="UTF-8"?>
<databaseChangeLog xmlns="http://www.liquibase.org/xml/ns/dbchangelog"
                   xmlns:xsi="http://www.w3.org/2001/XMLSchema-instance"
                   xsi:schemaLocation="http://www.liquibase.org/xml/ns/dbchangelog http://www.liquibase.org/xml/ns/dbchangelog/dbchangelog-4.1.xsd">
    <changeSet author="rajasekar"
               context="sit"
               id="user-local-shema-access">
        <sql>
            GRANT USAGE ON SCHEMA home TO local_user;
            GRANT SELECT, INSERT, UPDATE, DELETE ON ALL TABLES IN SCHEMA home TO local_user;
            ALTER DEFAULT PRIVILEGES IN SCHEMA home  GRANT SELECT ON TABLES TO local_user;
            GRANT SELECT ON ALL SEQUENCES IN SCHEMA home TO local_user;
        </sql>
    </changeSet>
  <!--  <changeSet author="mkushe"
               context="prod"
               id="ods-user-log-shema-access">
        <sql>
            GRANT USAGE ON SCHEMA logs TO ph_ods_user;
            GRANT SELECT ON ALL TABLES IN SCHEMA logs TO ph_ods_user;
            ALTER DEFAULT PRIVILEGES IN SCHEMA logs GRANT SELECT ON TABLES TO ph_ods_user;
            GRANT SELECT ON ALL SEQUENCES IN SCHEMA logs TO ph_ods_user;
        </sql>
    </changeSet>-->
</databaseChangeLog>




